stock_id,stock_name,date,tej_volume_shares,fm_volume,tej_turnover_ntd,fm_turnover,fm_unadjusted_close,fm_implied_price
2317,鴻海,2001-03-05,3684000.0,3684520,702631000.0,702631418,192.0,190.7
2317,鴻海,2001-03-06,4638000.0,4638413,903881000.0,903881977,193.0,194.87
2317,鴻海,2001-03-07,10054000.0,10054194,2021558000.0,2021558456,203.0,201.07
2317,鴻海,2001-03-08,4637000.0,4637688,926296000.0,926296810,199.0,199.73
2317,鴻海,2001-03-09,2526000.0,2526803,496699000.0,496699994,198.0,196.57
2330,台積電,2001-03-05,24460000.0,24460972,2063452000.0,2063452503,84.5,84.36
2330,台積電,2001-03-06,33996000.0,33996272,2996954000.0,2996954804,88.5,88.16
2330,台積電,2001-03-07,41039000.0,41039324,3775025000.0,3775025370,92.0,91.99
2330,台積電,2001-03-08,15516000.0,15516444,1403831000.0,1403831250,90.5,90.47
2330,台積電,2001-03-09,15996000.0,15996398,1404477000.0,1404477257,88.0,87.8
