year,n_rows,close_is_zero,zero_price_with_volume,zero_pct
1994,14319,0,0,0.0
1995,60576,0,0,0.0
1996,71448,4,0,0.006
1997,81099,0,0,0.0
1998,86256,0,0,0.0
1999,98821,0,0,0.0
2000,116658,0,0,0.0
2001,130384,0,0,0.0
2002,164375,0,0,0.0
2003,210548,1025,6,0.487
2004,270309,2383,230,0.882
2005,296647,4740,649,1.598
2006,305901,5641,963,1.844
2007,331686,17985,592,5.422
2008,382166,30564,846,7.998
2009,384308,21755,638,5.661
2010,404746,18467,660,4.563
2011,424820,24841,989,5.847
2012,444564,28285,1352,6.362
2013,449151,23239,1431,5.174
2014,463993,18840,1414,4.06
2015,471835,21507,1536,4.558
2016,484530,22440,1936,4.631
2017,504737,17908,2008,3.548
2018,524226,20440,2205,3.899
2019,536423,20311,2546,3.786
2020,563905,17896,1879,3.174
2021,569140,12928,1856,2.271
2022,588424,16085,3018,2.734
2023,583915,10255,2407,1.756
2024,616392,10800,1898,1.752
2025,643323,12002,3407,1.866
2026,471803,6978,2023,1.479
