year,tse_unadjusted_breaches,tse_still_in_fm,tse_still_in_tej,otc_unadjusted_breaches,otc_still_in_fm,otc_still_in_tej
2000,16,16,4,8,8,1
2001,191,191,14,74,74,6
2002,157,157,10,70,70,1
2003,174,16,12,107,107,1
2004,245,11,7,187,187,1
2005,257,1,1,187,187,2
2006,221,0,0,192,192,0
2007,180,16,16,201,200,49
2008,319,15,15,249,24,24
2009,140,19,19,137,34,34
2010,149,7,7,105,26,26
2011,233,22,22,192,45,45
2012,157,14,14,166,36,36
2013,116,19,19,123,23,23
2014,107,6,6,118,31,31
2015,72,6,6,76,22,22
2016,48,21,21,53,29,29
2017,35,10,10,42,15,15
2018,42,16,16,48,14,14
2019,34,5,5,41,9,9
2020,37,8,8,41,13,13
2021,48,5,5,41,9,9
2022,93,7,7,78,15,15
2023,41,9,9,45,4,4
2024,54,13,13,51,24,24
2025,58,19,19,70,31,31
2026,62,15,15,56,16,16
