year,n,volume_off_gt_1000_shares_pct,turnover_off_gt_1000_ntd_pct,transactions_differ_pct
2000,42579,19.651,20.271,0.355
2001,129621,23.627,24.099,0.478
2002,163562,27.75,28.055,0.294
2003,201167,15.921,16.073,0.004
2004,250923,0.0,0.0,0.0
2005,268286,0.001,0.001,0.001
2006,280896,0.001,0.002,0.005
2007,286028,0.534,0.54,0.008
2008,328646,0.0,0.003,0.009
2009,335141,0.001,0.002,0.006
2010,351737,0.001,0.003,0.005
2011,364742,0.0,0.0,0.0
2012,382660,0.0,0.0,0.0
2013,387416,0.007,0.013,0.023
2014,400013,0.007,0.062,0.065
2015,407994,0.043,0.129,0.155
2016,417526,0.003,0.007,0.009
2017,429829,0.0,0.0,0.0
2018,439055,0.0,0.0,0.0
2019,435714,0.0,0.0,0.0
2020,446445,0.119,0.319,0.396
2021,449811,0.0,0.0,0.0
2022,459784,0.0,0.0,0.0
2023,453632,0.0,0.0,0.0
2024,470970,0.0,0.0,0.0
2025,482949,0.0,0.0,0.0
2026,340566,0.001,0.001,0.001
