stock_id,stock_name,date,market,raw_pct,tej_pct,fm_ticker_pct
6225,天瀚,2026-08-18,TSE,9.91,62.45,62.43
2429,銘旺科,2024-07-02,TSE,9.9,46.66,46.62
2358,廷鑫,2002-11-21,TSE,-5.11,-41.2,-5.11
911608,明輝-DR,2019-01-18,TSE,5.92,34.16,33.06
910482,聖馬丁-DR,2017-06-19,TSE,0.0,29.31,29.31
3562,頂晶科,2017-03-16,OTC,0.0,28.44,28.44
2061,風青,2010-12-10,OTC,-3.23,22.22,-3.23
2101,南港,2003-04-07,TSE,-2.38,18.24,-2.38
5483,中美晶,2005-08-08,OTC,6.94,17.98,6.94
1475,業旺,2021-04-15,TSE,9.86,17.57,17.54
5529,鉅陞,2004-07-28,OTC,1.19,17.35,1.19
2354,鴻準,2001-12-04,TSE,2.42,16.98,2.42
8084,巨虹,2007-07-26,OTC,6.98,16.02,6.98
8929,富堡,2009-09-11,OTC,-0.75,15.49,15.45
5392,能率,2000-11-23,OTC,0.0,-15.18,0.0
2718,全心投控,2018-11-28,OTC,4.75,12.7,12.69
9928,中視,2017-04-06,TSE,-2.2,12.48,12.35
5820,日盛金,2009-03-23,OTC,3.82,-12.32,-12.32
6151,晉倫,2002-08-01,OTC,-5.91,11.89,-5.91
6224,聚鼎,2021-01-13,TSE,9.71,11.83,11.81
4991,環宇-KY,2025-12-22,OTC,9.87,11.66,11.66
5301,寶得利,2015-08-12,OTC,-2.53,11.61,11.58
8121,越峰,2007-08-08,OTC,1.55,11.54,1.55
3360,尚立,2014-07-07,OTC,6.98,11.52,11.47
8033,雷虎,2023-03-06,TSE,8.47,11.33,11.31
5381,光譜,2000-10-19,OTC,-6.89,-11.24,-6.89
7610,聯友金屬-創,2026-07-13,TIB,-8.49,11.19,11.19
1718,中纖,2004-04-23,TSE,0.0,11.06,11.06
2736,富野,2024-05-28,OTC,5.73,10.99,10.99
4707,磐亞,2006-04-21,OTC,2.48,10.96,2.48
2007,燁興,2006-04-13,TSE,-4.26,10.94,10.94
2464,盟立,2026-09-02,TSE,9.49,10.81,10.8
3514,昱晶,2009-10-15,TSE,6.81,10.73,10.73
5468,凱鈺,2021-01-27,OTC,2.21,10.67,10.67
1584,精剛,2014-06-19,OTC,6.99,10.31,10.31
1584,精剛,2010-12-20,OTC,6.84,10.27,10.23
1457,宜進,2010-10-14,TSE,6.69,10.01,9.96
4162,智擎,2013-08-28,OTC,6.99,9.75,9.75
910579,歐聖,2013-06-17,TSE,6.58,9.46,9.46
6118,建達,2002-01-23,OTC,-6.65,9.12,-6.65
1617,榮星,2002-08-22,TSE,1.52,9.11,1.52
3086,華義*,2007-07-30,OTC,-0.74,8.87,-0.74
5312,寶島科,2003-08-01,OTC,-0.4,8.54,-0.4
3058,立德,2007-06-29,TSE,-0.66,8.23,8.23
8255,朋程,2008-07-30,OTC,-3.19,7.79,7.79
5015,華祺,2001-07-20,OTC,-6.85,7.71,-6.85
3315,宣昶,2008-01-02,TSE,6.92,7.62,7.62
2448,晶電,2002-11-06,TSE,-2.65,7.55,-2.65
