pipeline,job,status,runs,first_run,last_run
finmind,backfill,failed,1,2026-08-26 05:30:43.680521,2026-08-26 05:30:43.680521
finmind,backfill,success,4,2026-08-26 05:30:37.217604,2026-08-30 14:25:15.669660
finmind,daily_update,failed,14,2026-09-19 01:14:55.319870,2026-10-03 10:30:05.770968
finmind,daily_update,success,14,2026-08-26 06:52:44.647620,2026-09-16 10:30:01.870454
finmind,discover_delisted,success,1,2026-08-30 12:32:20.376862,2026-08-30 12:32:20.376862
finmind,full_rebuild,success,1,2026-08-26 06:42:02.147790,2026-08-26 06:42:02.147790
finmind,ingest_dimensions,success,1,2026-08-26 05:23:57.509389,2026-08-26 05:23:57.509389
finmind,smoke_test,success,1,2026-08-26 05:19:34.475056,2026-08-26 05:19:34.475056
finmind,weekly_refresh,failed,3,2026-09-20 01:26:24.358997,2026-10-03 18:00:05.233967
finmind,weekly_refresh,success,5,2026-08-30 13:44:34.201596,2026-09-12 23:42:45.138239
tej,bisect,success,1,2026-09-05 04:53:44.586127,2026-09-05 04:53:44.586127
tej,create_workbooks,completed_with_errors,2,2026-09-05 04:52:54.745495,2026-09-05 04:54:09.159733
tej,create_workbooks,failed,1,2026-09-28 09:10:57.778512,2026-09-28 09:10:57.778512
tej,create_workbooks,success,7,2026-09-05 04:56:13.069022,2026-09-28 16:10:22.321654
tej,rebuild,completed_with_errors,1,2026-09-03 11:15:58.405323,2026-09-03 11:15:58.405323
tej,rebuild,failed,1,2026-09-03 05:56:46.484024,2026-09-03 05:56:46.484024
tej,rebuild,success,15,2026-09-03 06:02:56.033813,2026-10-04 11:15:26.893130
tej,refresh_workbooks,completed_with_errors,5,2026-09-03 11:53:31.604426,2026-10-03 19:01:01.460146
tej,refresh_workbooks,failed,1,2026-09-03 11:09:08.729459,2026-09-03 11:09:08.729459
tej,refresh_workbooks,success,14,2026-09-03 11:10:00.965525,2026-10-03 19:00:02.999676
tej,update,completed_with_errors,3,2026-09-03 11:09:08.410341,2026-09-05 05:58:16.778244
tej,update,success,2,2026-09-03 11:18:21.303958,2026-09-03 12:40:53.903509
tej,weekly_refresh,completed_with_errors,3,2026-09-19 19:06:18.111793,2026-10-03 19:00:02.118203
tej,weekly_refresh,success,2,2026-09-05 19:00:02.728470,2026-09-12 23:42:22.777807
