cause,stock_id,stock_name,date,raw_pct,tej_pct,fm_pct,fm_ticker_pct
B pipeline: stale market-day snapshot overrode ticker history,6949,沛爾生醫*-創,2026-08-21,2.67,2.67,1953.33,2.67
B pipeline: stale market-day snapshot overrode ticker history,6669,緯穎,2026-08-21,-1.11,-1.11,194.98,-1.11
B pipeline: stale market-day snapshot overrode ticker history,6669,緯穎,2026-08-31,-1.46,-1.46,-66.96,-1.46
B pipeline: stale market-day snapshot overrode ticker history,6461,益得,2026-08-21,-1.58,-1.58,-39.13,-1.58
B pipeline: stale market-day snapshot overrode ticker history,1563,巧新,2026-08-21,0.0,0.0,-22.04,0.0
B pipeline: stale market-day snapshot overrode ticker history,2442,新美齊,2026-08-21,2.05,2.05,22.06,2.05
C FinMind left a corporate action unadjusted,6188,廣明,2003-07-11,-48.68,6.75,-48.68,-48.68
C FinMind left a corporate action unadjusted,8076,伍豐,2007-07-31,-40.2,6.84,-40.2,-40.2
C FinMind left a corporate action unadjusted,5452,佶優,2003-09-17,-36.4,6.87,-36.4,-36.4
C FinMind left a corporate action unadjusted,1781,合世,2005-07-14,-35.22,6.95,-35.22,-35.22
C FinMind left a corporate action unadjusted,6244,茂迪,2006-09-01,-37.36,4.78,-37.36,-37.36
C FinMind left a corporate action unadjusted,2449,京元電子,2001-05-25,-34.77,6.87,-34.77,-34.77
D FinMind adjusted where the unadjusted price shows no event,6949,沛爾生醫*-創,2024-03-11,0.49,0.49,-95.03,-95.03
D FinMind adjusted where the unadjusted price shows no event,2025,千興,2004-02-12,-6.21,-6.21,-99.91,-99.91
D FinMind adjusted where the unadjusted price shows no event,6240,松崗,2003-06-02,-6.75,-6.75,-65.65,-65.65
D FinMind adjusted where the unadjusted price shows no event,6965,中傑-KY,2025-03-10,-4.0,-4.0,-15.18,-15.18
D FinMind adjusted where the unadjusted price shows no event,6924,榮惠-KY創,2024-12-04,-0.51,-0.51,-11.65,-11.65
D FinMind adjusted where the unadjusted price shows no event,6887,寶綠特-KY,2025-03-11,0.0,0.0,-10.84,-10.84
"E both adjusted, by different amounts",1442,名軒,2008-09-16,2.24,0.22,4.34,4.34
"E both adjusted, by different amounts",3454,晶睿,2011-07-27,-4.99,1.18,4.19,4.19
"E both adjusted, by different amounts",2849,安泰銀,2006-02-09,0.66,-0.65,1.99,1.99
"E both adjusted, by different amounts",6494,九齊,2018-06-28,-2.05,0.82,-1.38,-1.38
"E both adjusted, by different amounts",2834,臺企銀,2005-04-21,5.53,4.64,6.44,6.44
"E both adjusted, by different amounts",2396,精碟,2005-07-28,0.0,-0.63,0.64,0.64
