date,tej,fm_processed,fm_ticker,fm_unadjusted,fm_source
2026-08-10,2014.8826,2014.889145,2014.889145,6010.0,ticker
2026-08-11,1988.0622,1988.068657,1988.068657,5930.0,ticker
2026-08-12,2019.9114,2019.917986,2019.917986,6025.0,ticker
2026-08-13,2034.9979,2035.004511,2035.004511,6070.0,ticker
2026-08-14,2157.3659,2157.372986,2157.372986,6435.0,ticker
2026-08-17,2219.3881,2219.395364,2219.395364,6620.0,ticker
2026-08-18,2145.632,2145.639023,2145.639023,6400.0,ticker
2026-08-19,2137.2506,2137.25762,2137.25762,6375.0,ticker
2026-08-20,2120.4879,2120.494815,2120.494815,6325.0,ticker
2026-08-21,2097.02,6255.0,2097.026889,6255.0,market
2026-08-24,2112.1065,6300.0,2112.113413,6300.0,market
2026-08-25,2159.0422,6440.0,2159.049267,6440.0,market
2026-08-26,2274.7052,6785.0,2274.71262,6785.0,market
2026-08-27,2284.7628,6815.0,2284.770303,6815.0,market
2026-08-28,2413.836,7200.0,2413.843901,7200.0,market
2026-08-31,2378.6342,2378.64201,2378.64201,7095.0,market
2026-09-01,2614.989,2614.997559,2614.997559,7800.0,market
2026-09-02,2610.0,2610.0,2610.0,2610.0,market
2026-09-03,2475.0,2475.0,2475.0,2475.0,market
2026-09-04,2565.0,2565.0,2565.0,2565.0,market
2026-09-07,2490.0,2490.0,2490.0,2490.0,market
2026-09-08,2340.0,2340.0,2340.0,2340.0,market
2026-09-09,2325.0,2325.0,2325.0,2325.0,market
2026-09-10,2345.0,2345.0,2345.0,2345.0,market
2026-09-11,2310.0,2310.0,2310.0,2310.0,market
2026-09-14,2270.0,2270.0,2270.0,2270.0,market
2026-09-15,2315.0,2315.0,2315.0,2315.0,market
2026-09-16,2165.0,2165.0,2165.0,2165.0,market
