stock_id,stock_name,date,market,raw_pct,tej_pct,fm_pct,fm_ticker_pct
2719,燦星旅,2012-02-24,OTC,77.78,77.78,77.78,77.78
6225,天瀚,2026-08-18,TSE,9.91,62.45,62.43,62.43
8279,生展,2016-09-26,OTC,62.42,62.42,62.42,62.42
6593,台灣銘板,2017-11-06,OTC,58.0,58.0,58.0,58.0
6533,晶心科,2017-03-14,TSE,47.55,47.55,47.55,47.55
3303,岱稜,2007-05-28,OTC,47.44,47.44,47.44,47.44
2429,銘旺科,2024-07-02,TSE,9.9,46.66,46.62,46.62
7855,和運租車,2026-08-11,TSE,-46.65,-46.65,-46.65,-46.65
6199,天品,2016-03-18,OTC,45.33,45.33,45.33,45.33
3684,榮昌,2014-04-01,OTC,43.64,43.64,43.64,43.64
2254,巨鎧精密-創,2023-10-25,TIB,43.54,43.54,43.54,43.54
2754,亞洲藏壽司,2020-09-17,OTC,-43.16,-43.16,-43.16,-43.16
7810,捷創科技,2025-12-24,OTC,41.29,41.29,41.29,41.29
2358,廷鑫,2002-11-21,TSE,-5.11,-41.2,-5.11,-5.11
6925,意藍,2025-05-29,OTC,38.37,38.37,38.37,38.37
6592,和潤企業,2019-12-09,TSE,-36.17,-36.17,-36.17,-36.17
911608,明輝-DR,2019-01-18,TSE,5.92,34.16,33.06,33.06
7818,溢泰實業,2026-05-18,TSE,-33.54,-33.54,-33.54,-33.54
6560,欣普羅,2017-01-24,OTC,33.21,33.21,33.21,33.21
6199,天品,2016-02-03,OTC,32.65,32.65,32.65,32.65
6577,勁豐,2017-03-21,OTC,-31.44,-31.44,-31.44,-31.44
4729,熒茂,2009-02-25,OTC,31.34,31.34,31.34,31.34
8289,泰藝,2008-04-25,OTC,31.25,31.25,31.25,31.25
6637,醫影,2024-06-19,OTC,31.1,31.1,31.1,31.1
3630,新鉅科,2010-04-29,OTC,31.07,31.07,31.07,31.07
1784,訊聯,2007-07-26,OTC,31.03,31.03,31.03,31.03
7711,永擎,2025-11-19,TSE,-31.02,-31.02,-31.02,-31.02
1752,南光,2009-08-10,OTC,-30.97,-30.97,-30.97,-30.97
6776,展碁國際,2021-03-31,TSE,30.28,30.28,30.28,30.28
4911,德英,2011-03-21,OTC,-30.2,-30.2,-30.2,-30.2
3564,其陽,2013-12-03,OTC,29.91,29.91,29.91,29.91
6581,鋼聯,2018-01-31,TSE,29.82,29.82,29.82,29.82
2254,巨鎧精密-創,2023-10-20,TIB,-29.41,-29.41,-29.41,-29.41
910482,聖馬丁-DR,2017-06-19,TSE,0.0,29.31,29.31,29.31
6831,邁科,2025-11-26,TSE,28.57,28.57,28.57,28.57
6517,保勝光學,2022-12-15,OTC,28.51,28.51,28.51,28.51
3562,頂晶科,2017-03-16,OTC,0.0,28.44,28.44,28.44
2061,風青,2010-12-09,OTC,-9.31,-28.19,-9.31,-9.31
4747,強生*,2013-12-25,OTC,28.04,28.04,28.04,28.04
3521,台鋼建設,2007-08-07,OTC,-27.89,-27.89,-27.89,-27.89
