month,market,tej_rows,missing_in_finmind,tej_days,finmind_days
2006-10,OTC,10475,157,20,20
2006-10,TSE,13845,63,20,20
2006-11,OTC,11580,205,22,22
2006-11,TSE,15258,74,22,22
2006-12,OTC,11074,136,21,21
2006-12,TSE,14526,36,21,21
2007-01,OTC,11604,11361,22,22
2007-01,TSE,15150,16,22,22
2007-02,OTC,6334,6202,12,12
2007-02,TSE,8250,9,12,12
2007-03,OTC,12156,11529,23,23
2007-03,TSE,15793,70,23,23
2007-04,OTC,10586,6924,20,20
2007-04,TSE,13702,31,20,20
2007-05,OTC,11629,153,22,22
2007-05,TSE,15023,10,22,22
2007-06,OTC,10602,130,20,20
2007-06,TSE,13649,8,20,20
2007-07,OTC,11691,132,22,22
2007-07,TSE,15005,7,22,22
2007-08,OTC,12248,138,23,23
2007-08,TSE,15703,24,23,23
2007-09,OTC,9557,97,18,18
2007-09,TSE,12300,6,18,18
2007-10,OTC,11797,170,22,22
2007-10,TSE,15066,75,22,22
2007-11,OTC,11929,215,22,22
2007-11,TSE,15160,34,22,22
2007-12,OTC,11477,257,21,21
2007-12,TSE,14630,44,21,21
2008-01,OTC,11957,236,22,22
2008-01,TSE,15523,21,22,22
2008-02,OTC,7576,146,14,14
2008-02,TSE,9965,40,14,14
2008-03,OTC,11349,242,21,21
2008-03,TSE,14980,36,21,21
