stock_id,stock_name,market,days,c_days,d_days,e_days,first_day,last_day
2301,光寶科,TSE,306,306,0,0,2000-09-05,2002-10-21
6154,順發,OTC,10,10,0,0,2002-07-09,2007-09-20
4506,崇友,OTC,10,10,0,0,2000-09-13,2007-09-17
2442,新美齊,TSE,10,10,0,0,2000-11-30,2002-05-07
5013,強新,OTC,10,10,0,0,2001-07-16,2007-08-09
4535,至興,OTC,10,10,0,0,2003-07-09,2007-08-15
5498,凱崴,OTC,9,9,0,0,2001-05-16,2007-06-21
8050,廣積,OTC,8,8,0,0,2004-07-29,2007-10-11
4417,金洲,OTC,8,8,0,0,2000-11-09,2007-08-02
4305,世坤,OTC,8,8,0,0,2001-06-12,2007-07-26
5488,松普,OTC,8,8,0,0,2001-06-15,2007-09-14
5514,三豐,OTC,8,8,0,0,2001-07-06,2007-07-16
