year,n,unadjusted,fm_processed,fm_ticker,tej
2000,39611,24,24,24,7
2001,128478,265,265,265,22
2002,162025,227,227,227,16
2003,198516,281,123,123,15
2004,246413,432,199,199,10
2005,260829,444,188,188,4
2006,272375,413,193,193,2
2007,249340,381,217,217,69
2008,289213,568,41,41,41
2009,301439,277,56,56,56
2010,313847,254,35,35,36
2011,322457,425,67,67,67
2012,341431,323,50,50,50
2013,347385,239,44,44,44
2014,363549,225,39,39,39
2015,366564,148,29,29,29
2016,375671,101,50,50,50
2017,390247,77,28,28,28
2018,399932,90,31,31,31
2019,401322,75,15,15,15
2020,413641,78,21,21,21
2021,418709,89,17,17,17
2022,424611,171,22,22,22
2023,421842,92,20,20,20
2024,440437,112,46,46,46
2025,453264,131,53,53,53
2026,329876,127,56,41,41
