year,n,close_within_1c_pct,close_within_10bp_pct,median_rel_diff_pct,p95_rel_diff_pct
2000,42579,11.77,7.73,19.26013,310.217
2001,129621,13.62,9.26,16.43788,321.826
2002,163562,27.96,22.52,9.2948,330.528
2003,201167,41.5,34.49,0.42456,289.736
2004,250923,39.48,34.83,0.45052,299.771
2005,268286,40.81,35.47,0.39656,299.772
2006,280896,39.0,36.14,0.32806,256.071
2007,286028,39.87,45.31,0.1265,121.801
2008,328646,54.07,54.67,0.07832,86.639
2009,335141,59.47,60.24,0.06265,61.004
2010,351737,55.97,65.09,0.04748,30.398
2011,364742,61.84,69.01,0.03614,17.307
2012,382660,68.21,73.37,0.02525,9.963
2013,387416,70.16,76.63,0.01943,6.647
2014,400013,70.06,79.51,0.01348,5.571
2015,407994,74.33,81.45,0.00829,6.818
2016,417526,77.35,83.74,0.00412,5.955
2017,429829,77.33,85.46,0.00318,4.446
2018,439055,79.2,87.06,0.00066,3.786
2019,435714,81.82,88.93,0.00034,2.39
2020,446445,83.07,90.19,0.00029,2.389
2021,449811,81.91,91.26,0.00019,2.132
2022,459784,84.4,91.72,0.00015,2.344
2023,453632,85.83,92.55,0.00012,1.663
2024,470970,86.93,93.86,8e-05,0.638
2025,482949,92.26,95.64,6e-05,0.063
2026,340566,96.18,97.27,0.0,0.014
