year,tej_listed_rows,tej_listed_securities,in_fm_unadjusted_securities,in_fm_adjusted_securities,fm_unadjusted_row_pct,fm_adjusted_row_pct
2000,72840,831,493,493,58.56,58.46
2001,214366,937,592,591,60.51,60.47
2002,241941,1059,734,734,67.66,67.6
2003,263875,1121,1000,908,79.52,76.24
2004,283493,1194,1146,1058,95.02,88.51
2005,292031,1229,1223,1115,99.2,91.87
2006,300381,1243,1235,1155,99.09,93.4
2007,301041,1273,1263,1207,87.5,84.5
2008,312566,1285,1274,1223,99.2,95.61
2009,320638,1309,1304,1259,99.37,96.2
2010,330372,1360,1354,1315,99.33,96.42
2011,341407,1442,1434,1391,99.41,96.49
2012,362467,1491,1485,1444,99.55,96.84
2013,366183,1537,1535,1495,99.8,97.34
2014,382084,1577,1576,1537,99.78,97.3
2015,385847,1619,1618,1580,99.74,97.66
2016,395610,1663,1662,1632,99.82,98.2
2017,406974,1684,1684,1661,99.87,98.68
2018,417640,1730,1730,1715,99.87,99.14
2019,416486,1748,1748,1741,99.9,99.62
2020,424618,1762,1762,1760,99.9,99.86
2021,428200,1775,1770,1770,99.7,99.7
2022,436690,1808,1805,1805,99.78,99.78
2023,431253,1833,1832,1832,99.69,99.69
2024,447988,1891,1889,1889,99.74,99.74
2025,464161,1956,1956,1956,99.88,99.88
2026,337193,1995,1995,1995,99.85,99.84
