year,finmind_unadjusted,finmind_adjusted,tej_adjusted
1994,14319,14308,
1995,60576,60552,
1996,71448,71404,
1997,81099,81074,
1998,86256,86215,
1999,98821,98769,
2000,116658,116555,72840
2001,130384,130290,214366
2002,164375,164236,262941
2003,210548,201869,301378
2004,270309,251861,324866
2005,296647,274554,329829
2006,305901,287985,330793
2007,331686,296831,335072
2008,382166,343713,343672
2009,384308,351645,348654
2010,404746,369877,364712
2011,424820,384977,377642
2012,444564,405229,395370
2013,449151,413103,398335
2014,463993,430463,410922
2015,471835,438850,417344
2016,484530,455362,425400
2017,504737,480957,435679
2018,524226,505266,442767
2019,536423,522786,437307
2020,563905,554451,447070
2021,569140,561939,451366
2022,588424,583849,461152
2023,583915,582674,455505
2024,616392,616320,472146
2025,643323,643323,483527
2026,471803,471175,353057
